,q0017,Do you typically feel as though you’re expected to make the first move in romantic relationships?,cluster_1,cluster_2
0,0,Yes,0.6635514018691588,0.5721784776902887
1,1,No,0.32242990654205606,0.4146981627296588
2,2,No answer,0.014018691588785047,0.013123359580052493
