,q0007_0010,See a therapist,cluster_1,cluster_2
0,0,"Never, but open to it",0.4236760124610592,0.3648293963254593
1,1,Rarely,0.22118380062305296,0.07611548556430446
2,2,"Never, and not open to it",0.1573208722741433,0.5301837270341208
3,3,Sometimes,0.12149532710280374,0.02099737532808399
4,4,Often,0.0763239875389408,0.007874015748031496
