,q0007_0004,Cry,cluster_1,cluster_2
0,0,Rarely,0.43302180685358255,0.4881889763779528
1,1,Sometimes,0.42679127725856697,0.15748031496062992
2,2,"Never, but open to it",0.06230529595015576,0.1889763779527559
3,3,Often,0.05763239875389408,0.007874015748031496
4,4,"Never, and not open to it",0.020249221183800622,0.15748031496062992
