,q0007_0005,Get in a physical fight with another person,cluster_1,cluster_2
0,0,"Never, and not open to it",0.5638629283489096,0.6456692913385826
1,1,Rarely,0.21806853582554517,0.13648293963254593
2,2,"Never, but open to it",0.19003115264797507,0.1968503937007874
3,3,Sometimes,0.020249221183800622,0.015748031496062992
4,4,Often,0.00778816199376947,0.005249343832020997
