,q0010,In which of the following ways would you say it’s an advantage to be a man at your work right now?,cluster_1,cluster_2
0,0,Men make more money,0.11526479750778816,0.06036745406824147
1,1,Men are taken more seriously,0.14330218068535824,0.08398950131233596
2,2,Men have more choice,0.0794392523364486,0.05511811023622047
3,3,Men have more promotion/professional development opportunities,0.09501557632398754,0.06036745406824147
4,4,Men are explicitly praised more often,0.03894080996884735,0.023622047244094488
5,5,Men generally have more support from their managers,0.0514018691588785,0.04461942257217848
6,6,None of the above,0.278816199376947,0.31758530183727035
7,7,Other (please specify),0.04205607476635514,0.031496062992125984
