,q0005,Do you think that society puts pressure on men in a way that is unhealthy or badfor them?,cluster_1,cluster_2
0,0,Yes,0.6401869158878505,0.46194225721784776
1,1,No,0.3582554517133956,0.5301837270341208
2,2,No answer,0.001557632398753894,0.007874015748031496
