,q0007_0002,Ask a friend for personal advice,cluster_1,cluster_2
0,0,Sometimes,0.559190031152648,0.2283464566929134
1,1,Rarely,0.2601246105919003,0.43832020997375326
2,2,Often,0.1542056074766355,0.02099737532808399
3,3,"Never, but open to it",0.021806853582554516,0.2047244094488189
4,4,"Never, and not open to it",0.004672897196261682,0.10761154855643044
