,race2,Race,cluster_1,cluster_2
0,0,White,0.8489096573208723,0.8530183727034121
1,1,Non-white,0.15109034267912771,0.14698162729658792
