,q0012,"Have you seen or heard of a sexual harassment incident at your work? If so, how did you respond?",cluster_1,cluster_2
0,0,Confronted the accused person,0.037383177570093455,0.007874015748031496
1,1,Contacted the HR department,0.03582554517133956,0.047244094488188976
2,2,Contacted the manager of the accused person,0.028037383177570093,0.023622047244094488
3,3,Reached out to the victim to offer support,0.0529595015576324,0.03674540682414698
4,4,Did not respond at all,0.020249221183800622,0.03937007874015748
5,5,Never witnessed sexual harassment,0.3707165109034268,0.3438320209973753
6,6,Other (please specify),0.021806853582554516,0.015748031496062992
