,q0007_0006,"Have sexual relations with women, including anything from kissing to sex",cluster_1,cluster_2
0,0,Often,0.34890965732087226,0.3884514435695538
1,1,Sometimes,0.3411214953271028,0.31758530183727035
2,2,Rarely,0.1277258566978193,0.13910761154855644
3,3,"Never, and not open to it",0.11214953271028037,0.05774278215223097
4,4,"Never, but open to it",0.07009345794392523,0.09711286089238845
