,kids,Children,cluster_1,cluster_2
0,0,Has children,0.6666666666666666,0.7034120734908137
1,1,No children,0.3302180685358255,0.29133858267716534
