,q0026,Would you describe your sexual orientation as:,cluster_1,cluster_2
0,0,Straight,0.822429906542056,0.94750656167979
1,1,Gay,0.1059190031152648,0.02099737532808399
2,2,Bisexual,0.045171339563862926,0.01837270341207349
3,3,Other,0.024922118380062305,0.007874015748031496
4,4,No answer,0.001557632398753894,0.005249343832020997
