,q0007_0001,Ask a friend for professional advice,cluster_1,cluster_2
0,0,Sometimes,0.557632398753894,0.28608923884514437
1,1,Rarely,0.2118380062305296,0.3569553805774278
2,2,Often,0.1806853582554517,0.026246719160104987
3,3,"Never, but open to it",0.037383177570093455,0.23097112860892388
4,4,"Never, and not open to it",0.012461059190031152,0.09973753280839895
