,q0014,How much have you heard about the #MeToo movement?,cluster_1,cluster_2
0,0,A lot,0.27258566978193144,0.16535433070866143
1,1,Some,0.13395638629283488,0.13648293963254593
2,2,Nothing at all,0.06853582554517133,0.10761154855643044
3,3,Only a little,0.037383177570093455,0.06299212598425197
