,weight,cluster_1,cluster_2
0,0,0.8193231632632398,0.9593756946947368
