,q0015,"As a man, would you say you think about your behavior at work differently in the wake of #MeToo?",cluster_1,cluster_2
0,0,No,0.2834890965732087,0.28608923884514437
1,1,Yes,0.1542056074766355,0.07874015748031496
2,2,No answer,0.006230529595015576,
